Instance,Terminal,Layer,X location,Y location,Voltage
FILLER_31_181,VPWR,li1,90.6200,95.2000,1.799759
FILLER_31_169,VPWR,li1,86.0200,95.2000,1.799759
FILLER_31_165,VPWR,li1,82.1100,95.2000,1.799759
FILLER_31_153,VPWR,li1,78.6600,95.2000,1.799759
FILLER_31_141,VPWR,li1,73.1400,95.2000,1.799759
FILLER_31_135,VPWR,li1,67.8500,95.2000,1.799761
FILLER_31_131,VPWR,li1,66.7000,95.2000,1.799761
FILLER_31_119,VPWR,li1,63.0200,95.2000,1.799765
FILLER_31_113,VPWR,li1,57.9600,95.2000,1.799775
FILLER_31_111,VPWR,li1,56.8100,95.2000,1.799775
FILLER_31_107,VPWR,li1,55.6600,95.2000,1.799782
FILLER_31_98,VPWR,li1,51.9800,95.2000,1.799787
FILLER_31_93,VPWR,li1,48.5300,95.2000,1.799798
FILLER_31_85,VPWR,li1,46.4600,95.2000,1.799811
FILLER_31_82,VPWR,li1,43.7000,95.2000,1.799818
FILLER_31_70,VPWR,li1,40.4800,95.2000,1.799831
FILLER_31_63,VPWR,li1,35.1900,95.2000,1.799852
FILLER_31_57,VPWR,li1,32.2000,95.2000,1.799876
FILLER_31_53,VPWR,li1,30.5900,95.2000,1.799876
FILLER_31_41,VPWR,li1,27.1400,95.2000,1.799896
FILLER_31_29,VPWR,li1,21.6200,95.2000,1.799937
FILLER_31_27,VPWR,li1,18.1700,95.2000,1.799937
FILLER_31_15,VPWR,li1,15.1800,95.2000,1.799937
FILLER_31_3,VPWR,li1,9.6600,95.2000,1.799937
FILLER_30_177,VPWR,li1,89.7000,95.2000,1.799759
FILLER_30_165,VPWR,li1,84.1800,95.2000,1.799759
FILLER_30_153,VPWR,li1,78.6600,95.2000,1.799759
FILLER_30_141,VPWR,li1,73.1400,95.2000,1.799759
FILLER_30_132,VPWR,li1,68.0800,95.2000,1.799761
FILLER_30_88,VPWR,li1,46.9200,95.2000,1.799811
FILLER_30_81,VPWR,li1,43.4700,95.2000,1.799818
FILLER_30_73,VPWR,li1,40.9400,95.2000,1.799831
FILLER_30_61,VPWR,li1,36.3400,95.2000,1.799852
FILLER_30_37,VPWR,li1,22.7700,95.2000,1.799924
FILLER_30_29,VPWR,li1,20.7000,95.2000,1.799937
FILLER_30_27,VPWR,li1,18.1700,95.2000,1.799937
FILLER_30_15,VPWR,li1,15.1800,95.2000,1.799937
FILLER_30_3,VPWR,li1,9.6600,95.2000,1.799937
FILLER_29_181,VPWR,li1,89.7000,89.7600,1.799840
FILLER_29_169,VPWR,li1,86.0200,89.7600,1.799843
FILLER_29_167,VPWR,li1,82.5700,89.7600,1.799847
FILLER_29_161,VPWR,li1,80.9600,89.7600,1.799847
FILLER_29_149,VPWR,li1,76.8200,89.7600,1.799850
FILLER_29_137,VPWR,li1,71.3000,89.7600,1.799856
FILLER_29_125,VPWR,li1,65.7800,89.7600,1.799859
FILLER_29_121,VPWR,li1,61.4100,89.7600,1.799863
FILLER_29_113,VPWR,li1,59.3400,89.7600,1.799864
FILLER_29_108,VPWR,li1,56.1200,89.7600,1.799867
FILLER_29_93,VPWR,li1,50.1400,89.7600,1.799875
FILLER_29_69,VPWR,li1,38.1800,89.7600,1.799903
FILLER_29_57,VPWR,li1,34.5000,89.7600,1.799913
FILLER_29_55,VPWR,li1,31.0500,89.7600,1.799927
FILLER_29_51,VPWR,li1,29.9000,89.7600,1.799927
FILLER_29_39,VPWR,li1,26.2200,89.7600,1.799941
FILLER_29_27,VPWR,li1,20.7000,89.7600,1.799961
FILLER_29_15,VPWR,li1,15.1800,89.7600,1.799961
FILLER_29_3,VPWR,li1,9.6600,89.7600,1.799961
FILLER_28_177,VPWR,li1,89.7000,89.7600,1.799840
FILLER_28_165,VPWR,li1,84.1800,89.7600,1.799845
FILLER_28_153,VPWR,li1,78.6600,89.7600,1.799849
FILLER_28_141,VPWR,li1,73.1400,89.7600,1.799853
FILLER_28_128,VPWR,li1,67.1600,89.7600,1.799859
FILLER_28_116,VPWR,li1,61.6400,89.7600,1.799863
FILLER_28_104,VPWR,li1,56.1200,89.7600,1.799867
FILLER_28_85,VPWR,li1,44.8500,89.7600,1.799888
FILLER_28_80,VPWR,li1,43.2400,89.7600,1.799888
FILLER_28_68,VPWR,li1,39.5600,89.7600,1.799903
FILLER_28_37,VPWR,li1,24.3800,89.7600,1.799947
FILLER_28_29,VPWR,li1,19.0900,89.7600,1.799961
FILLER_28_27,VPWR,li1,18.1700,89.7600,1.799961
FILLER_28_15,VPWR,li1,15.1800,89.7600,1.799961
FILLER_28_3,VPWR,li1,9.6600,89.7600,1.799961
FILLER_27_160,VPWR,li1,80.9600,84.3200,1.799717
FILLER_27_148,VPWR,li1,76.3600,84.3200,1.799725
FILLER_27_136,VPWR,li1,70.8400,84.3200,1.799734
FILLER_27_124,VPWR,li1,65.3200,84.3200,1.799746
FILLER_27_113,VPWR,li1,59.3400,84.3200,1.799759
FILLER_27_104,VPWR,li1,55.2000,84.3200,1.799771
FILLER_27_92,VPWR,li1,50.6000,84.3200,1.799791
FILLER_27_86,VPWR,li1,45.3100,84.3200,1.799814
FILLER_27_65,VPWR,li1,35.6500,84.3200,1.799854
FILLER_27_57,VPWR,li1,33.5800,84.3200,1.799865
FILLER_27_55,VPWR,li1,31.0500,84.3200,1.799883
FILLER_27_23,VPWR,li1,17.4800,84.3200,1.799927
FILLER_26_181,VPWR,li1,89.0100,84.3200,1.799706
FILLER_26_177,VPWR,li1,87.8600,84.3200,1.799706
FILLER_26_165,VPWR,li1,84.1800,84.3200,1.799714
FILLER_26_153,VPWR,li1,78.6600,84.3200,1.799721
FILLER_26_141,VPWR,li1,73.1400,84.3200,1.799730
FILLER_26_136,VPWR,li1,69.0000,84.3200,1.799737
FILLER_26_97,VPWR,li1,50.6000,84.3200,1.799791
FILLER_26_85,VPWR,li1,47.3800,84.3200,1.799803
FILLER_26_76,VPWR,li1,42.3200,84.3200,1.799826
FILLER_26_70,VPWR,li1,37.9500,84.3200,1.799843
FILLER_26_62,VPWR,li1,35.8800,84.3200,1.799854
FILLER_26_50,VPWR,li1,31.2800,84.3200,1.799883
FILLER_26_45,VPWR,li1,26.6800,84.3200,1.799909
FILLER_26_29,VPWR,li1,20.7000,84.3200,1.799929
FILLER_26_27,VPWR,li1,18.1700,84.3200,1.799927
FILLER_26_23,VPWR,li1,17.0200,84.3200,1.799926
FILLER_26_7,VPWR,li1,10.5800,84.3200,1.799922
FILLER_25_166,VPWR,li1,82.3400,78.8800,1.799667
FILLER_25_154,VPWR,li1,79.1200,78.8800,1.799669
FILLER_25_144,VPWR,li1,72.4500,78.8800,1.799677
FILLER_25_124,VPWR,li1,63.4800,78.8800,1.799698
FILLER_25_113,VPWR,li1,57.7300,78.8800,1.799722
FILLER_25_110,VPWR,li1,56.5800,78.8800,1.799722
FILLER_25_104,VPWR,li1,53.8200,78.8800,1.799733
FILLER_25_96,VPWR,li1,51.5200,78.8800,1.799744
FILLER_25_75,VPWR,li1,42.7800,78.8800,1.799787
FILLER_25_65,VPWR,li1,35.8800,78.8800,1.799830
FILLER_25_57,VPWR,li1,33.5800,78.8800,1.799847
FILLER_25_55,VPWR,li1,31.0500,78.8800,1.799868
FILLER_25_51,VPWR,li1,29.2100,78.8800,1.799882
FILLER_25_39,VPWR,li1,26.2200,78.8800,1.799905
FILLER_25_27,VPWR,li1,20.7000,78.8800,1.799926
FILLER_25_15,VPWR,li1,15.1800,78.8800,1.799926
FILLER_25_3,VPWR,li1,9.6600,78.8800,1.799926
FILLER_24_187,VPWR,li1,92.0000,78.8800,1.799662
FILLER_24_179,VPWR,li1,89.7000,78.8800,1.799662
FILLER_24_172,VPWR,li1,85.5600,78.8800,1.799664
FILLER_24_160,VPWR,li1,81.8800,78.8800,1.799667
FILLER_24_148,VPWR,li1,76.3600,78.8800,1.799673
FILLER_24_138,VPWR,li1,69.4600,78.8800,1.799685
FILLER_24_126,VPWR,li1,66.2400,78.8800,1.799692
FILLER_24_119,VPWR,li1,60.4900,78.8800,1.799713
FILLER_24_113,VPWR,li1,58.8800,78.8800,1.799713
FILLER_24_101,VPWR,li1,54.7400,78.8800,1.799733
FILLER_24_90,VPWR,li1,47.1500,78.8800,1.799765
FILLER_24_64,VPWR,li1,35.6500,78.8800,1.799830
FILLER_24_56,VPWR,li1,33.1200,78.8800,1.799847
FILLER_24_44,VPWR,li1,26.2200,78.8800,1.799905
FILLER_24_33,VPWR,li1,20.9300,78.8800,1.799926
FILLER_24_29,VPWR,li1,19.7800,78.8800,1.799926
FILLER_24_26,VPWR,li1,17.9400,78.8800,1.799926
FILLER_24_18,VPWR,li1,14.0300,78.8800,1.799926
FILLER_24_14,VPWR,li1,12.8800,78.8800,1.799926
FILLER_24_10,VPWR,li1,10.3500,78.8800,1.799926
FILLER_24_6,VPWR,li1,9.2000,78.8800,1.799926
FILLER_23_181,VPWR,li1,90.6200,73.4400,1.799819
FILLER_23_169,VPWR,li1,86.0200,73.4400,1.799822
FILLER_23_166,VPWR,li1,82.3400,73.4400,1.799825
FILLER_23_154,VPWR,li1,79.1200,73.4400,1.799828
FILLER_23_142,VPWR,li1,73.6000,73.4400,1.799834
FILLER_23_130,VPWR,li1,68.0800,73.4400,1.799840
FILLER_23_122,VPWR,li1,61.8700,73.4400,1.799845
FILLER_23_113,VPWR,li1,57.9600,73.4400,1.799852
FILLER_23_100,VPWR,li1,54.2800,73.4400,1.799863
FILLER_23_88,VPWR,li1,48.7600,73.4400,1.799873
FILLER_23_76,VPWR,li1,43.2400,73.4400,1.799888
FILLER_23_64,VPWR,li1,37.7200,73.4400,1.799903
FILLER_23_54,VPWR,li1,30.8200,73.4400,1.799928
FILLER_23_45,VPWR,li1,27.6000,73.4400,1.799935
FILLER_23_33,VPWR,li1,23.4600,73.4400,1.799956
FILLER_22_173,VPWR,li1,87.8600,73.4400,1.799821
FILLER_22_161,VPWR,li1,82.3400,73.4400,1.799825
FILLER_22_157,VPWR,li1,77.9700,73.4400,1.799830
FILLER_22_153,VPWR,li1,76.8200,73.4400,1.799830
FILLER_22_141,VPWR,li1,73.1400,73.4400,1.799834
FILLER_22_139,VPWR,li1,69.6900,73.4400,1.799837
FILLER_22_127,VPWR,li1,66.7000,73.4400,1.799840
FILLER_22_121,VPWR,li1,61.8700,73.4400,1.799845
FILLER_22_114,VPWR,li1,58.1900,73.4400,1.799852
FILLER_22_106,VPWR,li1,56.1200,73.4400,1.799856
FILLER_22_98,VPWR,li1,50.8300,73.4400,1.799868
FILLER_22_81,VPWR,li1,43.4700,73.4400,1.799888
FILLER_22_73,VPWR,li1,40.9400,73.4400,1.799894
FILLER_22_60,VPWR,li1,33.3500,73.4400,1.799916
FILLER_22_56,VPWR,li1,32.2000,73.4400,1.799922
FILLER_22_29,VPWR,li1,21.6200,73.4400,1.799955
FILLER_22_27,VPWR,li1,18.1700,73.4400,1.799952
FILLER_22_11,VPWR,li1,10.8100,73.4400,1.799949
FILLER_22_3,VPWR,li1,8.7400,73.4400,1.799949
FILLER_21_166,VPWR,li1,82.3400,68.0000,1.799501
FILLER_21_150,VPWR,li1,75.2100,68.0000,1.799513
FILLER_21_144,VPWR,li1,72.2200,68.0000,1.799520
FILLER_21_136,VPWR,li1,69.9200,68.0000,1.799526
FILLER_21_113,VPWR,li1,58.1900,68.0000,1.799575
FILLER_21_108,VPWR,li1,56.1200,68.0000,1.799586
FILLER_21_97,VPWR,li1,50.3700,68.0000,1.799624
FILLER_21_69,VPWR,li1,39.1000,68.0000,1.799706
FILLER_21_57,VPWR,li1,34.5000,68.0000,1.799751
FILLER_21_55,VPWR,li1,31.0500,68.0000,1.799799
FILLER_21_43,VPWR,li1,28.0600,68.0000,1.799817
FILLER_21_27,VPWR,li1,20.7000,68.0000,1.799894
FILLER_21_7,VPWR,li1,8.9700,68.0000,1.799893
FILLER_21_3,VPWR,li1,7.8200,68.0000,1.799893
FILLER_20_178,VPWR,li1,88.3200,68.0000,1.799494
FILLER_20_166,VPWR,li1,84.6400,68.0000,1.799498
FILLER_20_137,VPWR,li1,69.2300,68.0000,1.799526
FILLER_20_107,VPWR,li1,55.4300,68.0000,1.799586
FILLER_20_101,VPWR,li1,52.2100,68.0000,1.799610
FILLER_20_90,VPWR,li1,47.1500,68.0000,1.799643
FILLER_20_85,VPWR,li1,44.8500,68.0000,1.799656
FILLER_20_83,VPWR,li1,43.9300,68.0000,1.799656
FILLER_20_76,VPWR,li1,40.7100,68.0000,1.799688
FILLER_20_67,VPWR,li1,36.8000,68.0000,1.799727
FILLER_20_59,VPWR,li1,34.5000,68.0000,1.799751
FILLER_20_47,VPWR,li1,29.9000,68.0000,1.799799
FILLER_20_33,VPWR,li1,20.9300,68.0000,1.799894
FILLER_20_29,VPWR,li1,19.7800,68.0000,1.799894
FILLER_20_26,VPWR,li1,17.9400,68.0000,1.799893
FILLER_20_11,VPWR,li1,11.2700,68.0000,1.799893
FILLER_20_3,VPWR,li1,8.7400,68.0000,1.799893
FILLER_19_181,VPWR,li1,90.6200,62.5600,1.799871
FILLER_19_169,VPWR,li1,86.0200,62.5600,1.799872
FILLER_19_166,VPWR,li1,82.3400,62.5600,1.799875
FILLER_19_158,VPWR,li1,80.0400,62.5600,1.799876
FILLER_19_153,VPWR,li1,76.1300,62.5600,1.799879
FILLER_19_142,VPWR,li1,71.0700,62.5600,1.799885
FILLER_19_136,VPWR,li1,69.4600,62.5600,1.799887
FILLER_19_123,VPWR,li1,62.3300,62.5600,1.799896
FILLER_19_113,VPWR,li1,57.7300,62.5600,1.799902
FILLER_19_110,VPWR,li1,56.5800,62.5600,1.799902
FILLER_19_102,VPWR,li1,54.2800,62.5600,1.799906
FILLER_19_95,VPWR,li1,49.6800,62.5600,1.799916
FILLER_19_79,VPWR,li1,43.2400,62.5600,1.799926
FILLER_19_57,VPWR,li1,32.2000,62.5600,1.799951
FILLER_19_53,VPWR,li1,30.5900,62.5600,1.799951
FILLER_19_41,VPWR,li1,27.1400,62.5600,1.799958
FILLER_19_33,VPWR,li1,21.3900,62.5600,1.799973
FILLER_19_25,VPWR,li1,18.8600,62.5600,1.799973
FILLER_19_15,VPWR,li1,12.8800,62.5600,1.799972
FILLER_19_3,VPWR,li1,9.6600,62.5600,1.799972
FILLER_18_161,VPWR,li1,81.4200,62.5600,1.799876
FILLER_18_149,VPWR,li1,76.8200,62.5600,1.799879
FILLER_18_141,VPWR,li1,70.6100,62.5600,1.799885
FILLER_18_132,VPWR,li1,68.0800,62.5600,1.799887
FILLER_18_120,VPWR,li1,63.4800,62.5600,1.799893
FILLER_18_109,VPWR,li1,55.8900,62.5600,1.799906
FILLER_18_97,VPWR,li1,52.9000,62.5600,1.799911
FILLER_18_85,VPWR,li1,47.3800,62.5600,1.799920
FILLER_18_83,VPWR,li1,43.9300,62.5600,1.799926
FILLER_18_79,VPWR,li1,42.7800,62.5600,1.799926
FILLER_18_73,VPWR,li1,39.3300,62.5600,1.799934
FILLER_18_51,VPWR,li1,31.7400,62.5600,1.799951
FILLER_18_32,VPWR,li1,21.1600,62.5600,1.799973
FILLER_18_27,VPWR,li1,18.1700,62.5600,1.799972
FILLER_18_3,VPWR,li1,9.6600,62.5600,1.799972
FILLER_17_185,VPWR,li1,91.5400,57.1200,1.799930
FILLER_17_176,VPWR,li1,87.8600,57.1200,1.799930
FILLER_17_167,VPWR,li1,82.5700,57.1200,1.799930
FILLER_17_161,VPWR,li1,79.8100,57.1200,1.799932
FILLER_17_155,VPWR,li1,78.2000,57.1200,1.799932
FILLER_17_143,VPWR,li1,74.0600,57.1200,1.799934
FILLER_17_131,VPWR,li1,68.5400,57.1200,1.799939
FILLER_17_125,VPWR,li1,63.4800,57.1200,1.799942
FILLER_17_113,VPWR,li1,60.2600,57.1200,1.799944
FILLER_17_109,VPWR,li1,56.3500,57.1200,1.799948
FILLER_17_90,VPWR,li1,47.1500,57.1200,1.799955
FILLER_17_83,VPWR,li1,44.6200,57.1200,1.799957
FILLER_17_71,VPWR,li1,40.9400,57.1200,1.799962
FILLER_17_64,VPWR,li1,35.4200,57.1200,1.799967
FILLER_17_45,VPWR,li1,28.0600,57.1200,1.799976
FILLER_17_34,VPWR,li1,21.3900,57.1200,1.799986
FILLER_17_30,VPWR,li1,19.5500,57.1200,1.799985
FILLER_17_24,VPWR,li1,17.9400,57.1200,1.799985
FILLER_17_7,VPWR,li1,8.9700,57.1200,1.799985
FILLER_17_3,VPWR,li1,7.8200,57.1200,1.799985
FILLER_16_185,VPWR,li1,91.5400,57.1200,1.799930
FILLER_16_173,VPWR,li1,87.8600,57.1200,1.799930
FILLER_16_138,VPWR,li1,69.4600,57.1200,1.799937
FILLER_16_122,VPWR,li1,62.1000,57.1200,1.799942
FILLER_16_111,VPWR,li1,57.9600,57.1200,1.799946
FILLER_16_99,VPWR,li1,53.8200,57.1200,1.799949
FILLER_16_79,VPWR,li1,42.3200,57.1200,1.799960
FILLER_16_71,VPWR,li1,40.0200,57.1200,1.799962
FILLER_16_59,VPWR,li1,35.4200,57.1200,1.799967
FILLER_16_47,VPWR,li1,29.9000,57.1200,1.799974
FILLER_16_38,VPWR,li1,23.2300,57.1200,1.799982
FILLER_16_32,VPWR,li1,21.6200,57.1200,1.799986
FILLER_16_11,VPWR,li1,11.0400,57.1200,1.799985
FILLER_16_3,VPWR,li1,8.7400,57.1200,1.799985
FILLER_15_155,VPWR,li1,77.7400,51.6800,1.799714
FILLER_15_143,VPWR,li1,74.0600,51.6800,1.799721
FILLER_15_120,VPWR,li1,61.6400,51.6800,1.799741
FILLER_15_107,VPWR,li1,54.9700,51.6800,1.799757
FILLER_15_77,VPWR,li1,41.6300,51.6800,1.799814
FILLER_15_69,VPWR,li1,39.1000,51.6800,1.799831
FILLER_15_61,VPWR,li1,33.8100,51.6800,1.799855
FILLER_15_57,VPWR,li1,32.6600,51.6800,1.799868
FILLER_15_53,VPWR,li1,30.5900,51.6800,1.799879
FILLER_15_45,VPWR,li1,28.0600,51.6800,1.799893
FILLER_15_38,VPWR,li1,23.4600,51.6800,1.799917
FILLER_15_30,VPWR,li1,21.1600,51.6800,1.799934
FILLER_15_18,VPWR,li1,16.5600,51.6800,1.799931
FILLER_15_6,VPWR,li1,11.0400,51.6800,1.799928
FILLER_14_181,VPWR,li1,89.0100,51.6800,1.799701
FILLER_14_173,VPWR,li1,86.9400,51.6800,1.799702
FILLER_14_166,VPWR,li1,82.8000,51.6800,1.799708
FILLER_14_151,VPWR,li1,75.2100,51.6800,1.799717
FILLER_14_141,VPWR,li1,70.8400,51.6800,1.799726
FILLER_14_136,VPWR,li1,69.0000,51.6800,1.799730
FILLER_14_124,VPWR,li1,65.3200,51.6800,1.799737
FILLER_14_95,VPWR,li1,50.6000,51.6800,1.799765
FILLER_14_85,VPWR,li1,45.3100,51.6800,1.799789
FILLER_14_80,VPWR,li1,43.2400,51.6800,1.799801
FILLER_14_59,VPWR,li1,32.8900,51.6800,1.799868
FILLER_14_45,VPWR,li1,26.4500,51.6800,1.799906
FILLER_14_41,VPWR,li1,25.3000,51.6800,1.799906
FILLER_14_23,VPWR,li1,16.3300,51.6800,1.799931
FILLER_13_181,VPWR,li1,90.6200,46.2400,1.799929
FILLER_13_169,VPWR,li1,86.0200,46.2400,1.799929
FILLER_13_167,VPWR,li1,82.5700,46.2400,1.799929
FILLER_13_159,VPWR,li1,80.5000,46.2400,1.799929
FILLER_13_150,VPWR,li1,75.9000,46.2400,1.799930
FILLER_13_129,VPWR,li1,65.0900,46.2400,1.799934
FILLER_13_121,VPWR,li1,63.0200,46.2400,1.799935
FILLER_13_99,VPWR,li1,51.7500,46.2400,1.799943
FILLER_13_91,VPWR,li1,49.2200,46.2400,1.799945
FILLER_13_84,VPWR,li1,44.3900,46.2400,1.799949
FILLER_13_76,VPWR,li1,42.3200,46.2400,1.799951
FILLER_13_65,VPWR,li1,35.6500,46.2400,1.799958
FILLER_13_57,VPWR,li1,33.5800,46.2400,1.799961
FILLER_13_30,VPWR,li1,21.1600,46.2400,1.799979
FILLER_13_25,VPWR,li1,17.4800,46.2400,1.799977
FILLER_13_21,VPWR,li1,15.4100,46.2400,1.799975
FILLER_13_17,VPWR,li1,14.2600,46.2400,1.799975
FILLER_13_10,VPWR,li1,10.3500,46.2400,1.799974
FILLER_13_6,VPWR,li1,9.2000,46.2400,1.799974
FILLER_12_188,VPWR,li1,92.2300,46.2400,1.799929
FILLER_12_184,VPWR,li1,91.0800,46.2400,1.799929
FILLER_12_172,VPWR,li1,87.4000,46.2400,1.799929
FILLER_12_153,VPWR,li1,76.1300,46.2400,1.799930
FILLER_12_141,VPWR,li1,73.1400,46.2400,1.799931
FILLER_12_138,VPWR,li1,69.4600,46.2400,1.799932
FILLER_12_126,VPWR,li1,66.2400,46.2400,1.799934
FILLER_12_115,VPWR,li1,58.6500,46.2400,1.799938
FILLER_12_109,VPWR,li1,57.0400,46.2400,1.799940
FILLER_12_97,VPWR,li1,52.9000,46.2400,1.799943
FILLER_12_85,VPWR,li1,47.3800,46.2400,1.799947
FILLER_12_81,VPWR,li1,43.4700,46.2400,1.799951
FILLER_12_60,VPWR,li1,34.9600,46.2400,1.799961
FILLER_12_48,VPWR,li1,30.3600,46.2400,1.799965
FILLER_12_42,VPWR,li1,25.0700,46.2400,1.799972
FILLER_12_34,VPWR,li1,23.0000,46.2400,1.799975
FILLER_12_29,VPWR,li1,19.0900,46.2400,1.799978
FILLER_12_27,VPWR,li1,18.1700,46.2400,1.799978
FILLER_12_23,VPWR,li1,17.0200,46.2400,1.799977
FILLER_11_181,VPWR,li1,90.6200,40.8000,1.799668
FILLER_11_169,VPWR,li1,86.0200,40.8000,1.799670
FILLER_11_162,VPWR,li1,81.4200,40.8000,1.799672
FILLER_11_131,VPWR,li1,66.0100,40.8000,1.799682
FILLER_11_123,VPWR,li1,63.9400,40.8000,1.799684
FILLER_11_104,VPWR,li1,55.2000,40.8000,1.799693
FILLER_11_87,VPWR,li1,45.7700,40.8000,1.799733
FILLER_11_81,VPWR,li1,44.1600,40.8000,1.799742
FILLER_11_69,VPWR,li1,40.0200,40.8000,1.799754
FILLER_11_57,VPWR,li1,34.5000,40.8000,1.799789
FILLER_11_53,VPWR,li1,30.5900,40.8000,1.799821
FILLER_11_41,VPWR,li1,27.1400,40.8000,1.799858
FILLER_11_23,VPWR,li1,16.7900,40.8000,1.799904
FILLER_10_173,VPWR,li1,87.8600,40.8000,1.799670
FILLER_10_161,VPWR,li1,82.3400,40.8000,1.799672
FILLER_10_149,VPWR,li1,76.8200,40.8000,1.799675
FILLER_10_141,VPWR,li1,71.0700,40.8000,1.799679
FILLER_10_134,VPWR,li1,67.6200,40.8000,1.799682
FILLER_10_122,VPWR,li1,64.4000,40.8000,1.799684
FILLER_10_85,VPWR,li1,45.3100,40.8000,1.799733
FILLER_10_82,VPWR,li1,43.7000,40.8000,1.799742
FILLER_10_47,VPWR,li1,27.3700,40.8000,1.799858
FILLER_10_43,VPWR,li1,26.2200,40.8000,1.799858
FILLER_10_22,VPWR,li1,15.8700,40.8000,1.799903
FILLER_10_16,VPWR,li1,14.2600,40.8000,1.799903
FILLER_10_9,VPWR,li1,10.5800,40.8000,1.799901
FILLER_9_162,VPWR,li1,80.7300,35.3600,1.799905
FILLER_9_154,VPWR,li1,78.2000,35.3600,1.799907
FILLER_9_142,VPWR,li1,73.6000,35.3600,1.799910
FILLER_9_129,VPWR,li1,66.2400,35.3600,1.799917
FILLER_9_111,VPWR,li1,56.8100,35.3600,1.799929
FILLER_9_105,VPWR,li1,55.2000,35.3600,1.799929
FILLER_9_96,VPWR,li1,49.9100,35.3600,1.799935
FILLER_9_87,VPWR,li1,46.0000,35.3600,1.799941
FILLER_9_63,VPWR,li1,35.1900,35.3600,1.799955
FILLER_9_55,VPWR,li1,31.0500,35.3600,1.799962
FILLER_9_44,VPWR,li1,26.6800,35.3600,1.799969
FILLER_9_26,VPWR,li1,18.4000,35.3600,1.799980
FILLER_8_185,VPWR,li1,91.5400,35.3600,1.799900
FILLER_8_174,VPWR,li1,87.4000,35.3600,1.799900
FILLER_8_164,VPWR,li1,81.4200,35.3600,1.799904
FILLER_8_159,VPWR,li1,79.1200,35.3600,1.799905
FILLER_8_151,VPWR,li1,76.8200,35.3600,1.799907
FILLER_8_139,VPWR,li1,69.6900,35.3600,1.799915
FILLER_8_132,VPWR,li1,66.4700,35.3600,1.799917
FILLER_8_120,VPWR,li1,63.4800,35.3600,1.799920
FILLER_8_114,VPWR,li1,58.1900,35.3600,1.799926
FILLER_8_107,VPWR,li1,55.6600,35.3600,1.799929
FILLER_8_89,VPWR,li1,46.6900,35.3600,1.799941
FILLER_8_85,VPWR,li1,45.5400,35.3600,1.799941
FILLER_8_83,VPWR,li1,43.9300,35.3600,1.799944
FILLER_8_78,VPWR,li1,41.6300,35.3600,1.799948
FILLER_8_72,VPWR,li1,38.8700,35.3600,1.799952
FILLER_8_68,VPWR,li1,37.7200,35.3600,1.799952
FILLER_8_56,VPWR,li1,34.0400,35.3600,1.799958
FILLER_8_48,VPWR,li1,28.2900,35.3600,1.799969
FILLER_8_40,VPWR,li1,25.7600,35.3600,1.799972
FILLER_8_35,VPWR,li1,21.8500,35.3600,1.799980
FILLER_8_29,VPWR,li1,20.2400,35.3600,1.799980
FILLER_8_20,VPWR,li1,16.5600,35.3600,1.799980
FILLER_8_15,VPWR,li1,12.8800,35.3600,1.799980
FILLER_8_3,VPWR,li1,9.6600,35.3600,1.799980
FILLER_7_181,VPWR,li1,90.6200,29.9200,1.799896
FILLER_7_169,VPWR,li1,86.0200,29.9200,1.799897
FILLER_7_164,VPWR,li1,81.8800,29.9200,1.799899
FILLER_7_150,VPWR,li1,75.4400,29.9200,1.799904
FILLER_7_137,VPWR,li1,69.0000,29.9200,1.799910
FILLER_7_125,VPWR,li1,65.7800,29.9200,1.799914
FILLER_7_113,VPWR,li1,60.2600,29.9200,1.799921
FILLER_7_110,VPWR,li1,56.5800,29.9200,1.799923
FILLER_7_104,VPWR,li1,53.8200,29.9200,1.799926
FILLER_7_96,VPWR,li1,51.5200,29.9200,1.799929
FILLER_7_85,VPWR,li1,44.8500,29.9200,1.799937
FILLER_7_77,VPWR,li1,41.1700,29.9200,1.799943
FILLER_7_69,VPWR,li1,39.1000,29.9200,1.799947
FILLER_7_57,VPWR,li1,33.5800,29.9200,1.799954
FILLER_7_55,VPWR,li1,31.0500,29.9200,1.799957
FILLER_7_23,VPWR,li1,17.0200,29.9200,1.799971
FILLER_6_162,VPWR,li1,80.5000,29.9200,1.799901
FILLER_6_154,VPWR,li1,77.0500,29.9200,1.799903
FILLER_6_141,VPWR,li1,71.3000,29.9200,1.799908
FILLER_6_139,VPWR,li1,69.6900,29.9200,1.799910
FILLER_6_127,VPWR,li1,66.7000,29.9200,1.799914
FILLER_6_115,VPWR,li1,58.6500,29.9200,1.799921
FILLER_6_100,VPWR,li1,51.7500,29.9200,1.799929
FILLER_6_93,VPWR,li1,48.9900,29.9200,1.799934
FILLER_6_85,VPWR,li1,46.4600,29.9200,1.799937
FILLER_6_81,VPWR,li1,43.4700,29.9200,1.799940
FILLER_6_75,VPWR,li1,40.2500,29.9200,1.799943
FILLER_6_63,VPWR,li1,34.9600,29.9200,1.799951
FILLER_6_49,VPWR,li1,28.2900,29.9200,1.799961
FILLER_6_38,VPWR,li1,23.2300,29.9200,1.799971
FILLER_6_29,VPWR,li1,19.7800,29.9200,1.799972
FILLER_6_27,VPWR,li1,18.1700,29.9200,1.799971
FILLER_6_15,VPWR,li1,15.1800,29.9200,1.799970
FILLER_6_9,VPWR,li1,10.3500,29.9200,1.799968
FILLER_5_180,VPWR,li1,88.7800,24.4800,1.799923
FILLER_5_172,VPWR,li1,86.4800,24.4800,1.799924
FILLER_5_167,VPWR,li1,82.5700,24.4800,1.799926
FILLER_5_156,VPWR,li1,79.1200,24.4800,1.799927
FILLER_5_139,VPWR,li1,69.6900,24.4800,1.799932
FILLER_5_133,VPWR,li1,68.0800,24.4800,1.799932
FILLER_5_121,VPWR,li1,61.6400,24.4800,1.799935
FILLER_5_113,VPWR,li1,57.9600,24.4800,1.799938
FILLER_5_83,VPWR,li1,43.9300,24.4800,1.799951
FILLER_5_77,VPWR,li1,42.3200,24.4800,1.799951
FILLER_5_69,VPWR,li1,37.7200,24.4800,1.799957
FILLER_5_57,VPWR,li1,31.9700,24.4800,1.799963
FILLER_5_55,VPWR,li1,31.0500,24.4800,1.799963
FILLER_5_43,VPWR,li1,28.0600,24.4800,1.799966
FILLER_5_31,VPWR,li1,22.5400,24.4800,1.799973
FILLER_5_6,VPWR,li1,8.7400,24.4800,1.799963
FILLER_4_184,VPWR,li1,90.6200,24.4800,1.799923
FILLER_4_172,VPWR,li1,87.4000,24.4800,1.799924
FILLER_4_160,VPWR,li1,81.8800,24.4800,1.799926
FILLER_4_148,VPWR,li1,76.3600,24.4800,1.799928
FILLER_4_139,VPWR,li1,69.6900,24.4800,1.799932
FILLER_4_131,VPWR,li1,67.6200,24.4800,1.799933
FILLER_4_119,VPWR,li1,63.0200,24.4800,1.799935
FILLER_4_100,VPWR,li1,52.2100,24.4800,1.799942
FILLER_4_85,VPWR,li1,46.4600,24.4800,1.799947
FILLER_4_81,VPWR,li1,43.4700,24.4800,1.799951
FILLER_4_73,VPWR,li1,40.9400,24.4800,1.799954
FILLER_4_61,VPWR,li1,36.3400,24.4800,1.799957
FILLER_4_49,VPWR,li1,30.8200,24.4800,1.799963
FILLER_4_27,VPWR,li1,18.1700,24.4800,1.799968
FILLER_4_23,VPWR,li1,17.0200,24.4800,1.799968
FILLER_3_178,VPWR,li1,87.6300,19.0400,1.799858
FILLER_3_174,VPWR,li1,86.4800,19.0400,1.799858
FILLER_3_167,VPWR,li1,82.5700,19.0400,1.799862
FILLER_3_158,VPWR,li1,78.4300,19.0400,1.799865
FILLER_3_146,VPWR,li1,75.4400,19.0400,1.799869
FILLER_3_139,VPWR,li1,69.6900,19.0400,1.799873
FILLER_3_113,VPWR,li1,58.4200,19.0400,1.799885
FILLER_3_111,VPWR,li1,56.8100,19.0400,1.799887
FILLER_3_105,VPWR,li1,55.2000,19.0400,1.799890
FILLER_3_93,VPWR,li1,51.0600,19.0400,1.799896
FILLER_3_69,VPWR,li1,38.1800,19.0400,1.799914
FILLER_3_57,VPWR,li1,34.5000,19.0400,1.799923
FILLER_3_34,VPWR,li1,21.6200,19.0400,1.799965
FILLER_3_27,VPWR,li1,18.8600,19.0400,1.799965
FILLER_3_15,VPWR,li1,15.1800,19.0400,1.799965
FILLER_3_11,VPWR,li1,10.8100,19.0400,1.799965
FILLER_3_3,VPWR,li1,8.7400,19.0400,1.799965
FILLER_2_167,VPWR,li1,82.8000,19.0400,1.799862
FILLER_2_155,VPWR,li1,79.5800,19.0400,1.799865
FILLER_2_141,VPWR,li1,71.3000,19.0400,1.799873
FILLER_2_139,VPWR,li1,69.6900,19.0400,1.799873
FILLER_2_133,VPWR,li1,68.0800,19.0400,1.799875
FILLER_2_108,VPWR,li1,56.5800,19.0400,1.799887
FILLER_2_88,VPWR,li1,47.8400,19.0400,1.799898
FILLER_2_83,VPWR,li1,43.9300,19.0400,1.799904
FILLER_2_41,VPWR,li1,24.8400,19.0400,1.799950
FILLER_2_29,VPWR,li1,21.6200,19.0400,1.799965
FILLER_2_27,VPWR,li1,18.1700,19.0400,1.799965
FILLER_2_15,VPWR,li1,15.1800,19.0400,1.799965
FILLER_2_3,VPWR,li1,9.6600,19.0400,1.799965
FILLER_1_181,VPWR,li1,89.0100,13.6000,1.799863
FILLER_1_169,VPWR,li1,86.0200,13.6000,1.799864
FILLER_1_167,VPWR,li1,82.5700,13.6000,1.799864
FILLER_1_155,VPWR,li1,79.5800,13.6000,1.799865
FILLER_1_113,VPWR,li1,57.9600,13.6000,1.799884
FILLER_1_86,VPWR,li1,45.7700,13.6000,1.799907
FILLER_1_80,VPWR,li1,43.0100,13.6000,1.799917
FILLER_1_50,VPWR,li1,29.2100,13.6000,1.799954
FILLER_1_39,VPWR,li1,25.3000,13.6000,1.799960
FILLER_1_27,VPWR,li1,20.7000,13.6000,1.799973
FILLER_1_15,VPWR,li1,15.1800,13.6000,1.799973
FILLER_1_3,VPWR,li1,9.6600,13.6000,1.799973
FILLER_0_181,VPWR,li1,90.6200,13.6000,1.799863
FILLER_0_169,VPWR,li1,86.0200,13.6000,1.799864
FILLER_0_166,VPWR,li1,82.3400,13.6000,1.799864
FILLER_0_154,VPWR,li1,79.1200,13.6000,1.799865
FILLER_0_147,VPWR,li1,73.8300,13.6000,1.799866
FILLER_0_141,VPWR,li1,71.0700,13.6000,1.799867
FILLER_0_135,VPWR,li1,67.8500,13.6000,1.799872
FILLER_0_129,VPWR,li1,66.2400,13.6000,1.799872
FILLER_0_124,VPWR,li1,63.0200,13.6000,1.799875
FILLER_0_116,VPWR,li1,60.7200,13.6000,1.799879
FILLER_0_111,VPWR,li1,56.8100,13.6000,1.799884
FILLER_0_83,VPWR,li1,43.9300,13.6000,1.799911
FILLER_0_78,VPWR,li1,41.8600,13.6000,1.799917
FILLER_0_70,VPWR,li1,39.5600,13.6000,1.799923
FILLER_0_62,VPWR,li1,34.5000,13.6000,1.799936
FILLER_0_57,VPWR,li1,32.2000,13.6000,1.799942
FILLER_0_55,VPWR,li1,31.0500,13.6000,1.799947
FILLER_0_48,VPWR,li1,28.5200,13.6000,1.799954
FILLER_0_41,VPWR,li1,25.3000,13.6000,1.799960
FILLER_0_29,VPWR,li1,21.6200,13.6000,1.799973
FILLER_0_27,VPWR,li1,18.1700,13.6000,1.799973
FILLER_0_15,VPWR,li1,15.1800,13.6000,1.799973
FILLER_0_3,VPWR,li1,9.6600,13.6000,1.799973
clkload2,VPWR,li1,60.4900,68.0000,1.799556
clkload1,VPWR,li1,42.3200,68.0000,1.799688
clkload0,VPWR,li1,50.1400,40.8000,1.799708
clkbuf_2_3__f_clk,VPWR,li1,63.4800,68.0000,1.799539
clkbuf_2_2__f_clk,VPWR,li1,45.5400,68.0000,1.799656
clkbuf_2_1__f_clk,VPWR,li1,53.3600,40.8000,1.799696
clkbuf_2_0__f_clk,VPWR,li1,37.2600,40.8000,1.799767
clkbuf_0_clk,VPWR,li1,50.1400,51.6800,1.799765
fanout62,VPWR,li1,88.7800,19.0400,1.799858
fanout61,VPWR,li1,91.0800,19.0400,1.799857
fanout60,VPWR,li1,51.0600,19.0400,1.799896
fanout59,VPWR,li1,53.8200,19.0400,1.799890
fanout58,VPWR,li1,60.2600,19.0400,1.799882
fanout57,VPWR,li1,61.8700,51.6800,1.799741
fanout56,VPWR,li1,62.1000,19.0400,1.799880
fanout55,VPWR,li1,46.2300,57.1200,1.799955
fanout54,VPWR,li1,56.1200,24.4800,1.799940
fanout53,VPWR,li1,31.9700,51.6800,1.799868
fanout52,VPWR,li1,50.6000,29.9200,1.799931
fanout51,VPWR,li1,29.9000,29.9200,1.799961
fanout50,VPWR,li1,24.8400,35.3600,1.799972
fanout49,VPWR,li1,19.5500,57.1200,1.799985
fanout48,VPWR,li1,18.8600,29.9200,1.799972
fanout47,VPWR,li1,19.5500,62.5600,1.799973
fanout46,VPWR,li1,18.4000,40.8000,1.799904
fanout45,VPWR,li1,45.0800,24.4800,1.799949
fanout44,VPWR,li1,52.9000,24.4800,1.799942
fanout43,VPWR,li1,36.3400,29.9200,1.799951
fanout42,VPWR,li1,76.3600,24.4800,1.799928
fanout41,VPWR,li1,23.0000,35.3600,1.799976
fanout40,VPWR,li1,56.1200,51.6800,1.799752
fanout39,VPWR,li1,20.2400,46.2400,1.799979
fanout38,VPWR,li1,23.4600,40.8000,1.799881
fanout37,VPWR,li1,46.0000,68.0000,1.799643
fanout36,VPWR,li1,17.4800,51.6800,1.799931
fanout35,VPWR,li1,17.0200,73.4400,1.799952
max_cap34,VPWR,li1,77.9700,46.2400,1.799930
output33,VPWR,li1,91.5400,89.7600,1.799838
output32,VPWR,li1,91.5400,84.3200,1.799705
output31,VPWR,li1,91.5400,73.4400,1.799819
output30,VPWR,li1,91.5400,68.0000,1.799492
output29,VPWR,li1,91.5400,51.6800,1.799700
output28,VPWR,li1,91.5400,40.8000,1.799668
output27,VPWR,li1,91.5400,24.4800,1.799923
output26,VPWR,li1,91.5400,13.6000,1.799862
output25,VPWR,li1,75.4400,13.6000,1.799866
output24,VPWR,li1,7.8200,84.3200,1.799921
output23,VPWR,li1,33.5800,95.2000,1.799864
output22,VPWR,li1,36.8000,95.2000,1.799852
output21,VPWR,li1,49.6800,95.2000,1.799798
output20,VPWR,li1,59.3400,95.2000,1.799769
output19,VPWR,li1,69.0000,95.2000,1.799759
output18,VPWR,li1,69.0000,13.6000,1.799869
input17,VPWR,li1,91.7700,24.4800,1.799923
input16,VPWR,li1,7.5900,78.8800,1.799926
input15,VPWR,li1,7.5900,51.6800,1.799928
input14,VPWR,li1,7.5900,46.2400,1.799974
input13,VPWR,li1,7.5900,40.8000,1.799901
input12,VPWR,li1,8.9700,29.9200,1.799968
input11,VPWR,li1,33.3500,13.6000,1.799942
input10,VPWR,li1,30.1300,13.6000,1.799947
input9,VPWR,li1,43.0100,13.6000,1.799917
input8,VPWR,li1,7.5900,29.9200,1.799968
input7,VPWR,li1,7.5900,35.3600,1.799980
input6,VPWR,li1,8.9700,40.8000,1.799901
input5,VPWR,li1,7.5900,24.4800,1.799963
input4,VPWR,li1,26.9100,13.6000,1.799960
input3,VPWR,li1,37.0300,13.6000,1.799929
input2,VPWR,li1,58.1900,13.6000,1.799884
input1,VPWR,li1,55.8900,13.6000,1.799888
TAP_TAPCELL_ROW_31_165,VPWR,li1,83.0300,95.5060,1.799759
TAP_TAPCELL_ROW_31_164,VPWR,li1,70.1500,95.5060,1.799759
TAP_TAPCELL_ROW_31_163,VPWR,li1,57.2700,95.5060,1.799775
TAP_TAPCELL_ROW_31_162,VPWR,li1,44.3900,95.5060,1.799818
TAP_TAPCELL_ROW_31_161,VPWR,li1,31.5100,95.5060,1.799876
TAP_TAPCELL_ROW_31_160,VPWR,li1,18.6300,95.5060,1.799937
TAP_TAPCELL_ROW_30_159,VPWR,li1,70.1500,94.8930,1.799759
TAP_TAPCELL_ROW_30_158,VPWR,li1,44.3900,94.8930,1.799818
TAP_TAPCELL_ROW_30_157,VPWR,li1,18.6300,94.8930,1.799937
TAP_TAPCELL_ROW_29_156,VPWR,li1,83.0300,90.0660,1.799845
TAP_TAPCELL_ROW_29_155,VPWR,li1,57.2700,90.0660,1.799867
TAP_TAPCELL_ROW_29_154,VPWR,li1,31.5100,90.0660,1.799927
TAP_TAPCELL_ROW_28_153,VPWR,li1,70.1500,89.4530,1.799856
TAP_TAPCELL_ROW_28_152,VPWR,li1,44.3900,89.4530,1.799888
TAP_TAPCELL_ROW_28_151,VPWR,li1,18.6300,89.4530,1.799961
TAP_TAPCELL_ROW_27_150,VPWR,li1,83.0300,84.6260,1.799714
TAP_TAPCELL_ROW_27_149,VPWR,li1,57.2700,84.6260,1.799765
TAP_TAPCELL_ROW_27_148,VPWR,li1,31.5100,84.6260,1.799883
TAP_TAPCELL_ROW_26_147,VPWR,li1,70.1500,84.0130,1.799737
TAP_TAPCELL_ROW_26_146,VPWR,li1,44.3900,84.0130,1.799814
TAP_TAPCELL_ROW_26_145,VPWR,li1,18.6300,84.0130,1.799927
TAP_TAPCELL_ROW_25_144,VPWR,li1,83.0300,79.1860,1.799667
TAP_TAPCELL_ROW_25_143,VPWR,li1,57.2700,79.1860,1.799722
TAP_TAPCELL_ROW_25_142,VPWR,li1,31.5100,79.1860,1.799868
TAP_TAPCELL_ROW_24_141,VPWR,li1,70.1500,78.5730,1.799681
TAP_TAPCELL_ROW_24_140,VPWR,li1,44.3900,78.5730,1.799777
TAP_TAPCELL_ROW_24_139,VPWR,li1,18.6300,78.5730,1.799926
TAP_TAPCELL_ROW_23_138,VPWR,li1,83.0300,73.7460,1.799825
TAP_TAPCELL_ROW_23_137,VPWR,li1,57.2700,73.7460,1.799856
TAP_TAPCELL_ROW_23_136,VPWR,li1,31.5100,73.7460,1.799922
TAP_TAPCELL_ROW_22_135,VPWR,li1,70.1500,73.1330,1.799837
TAP_TAPCELL_ROW_22_134,VPWR,li1,44.3900,73.1330,1.799888
TAP_TAPCELL_ROW_22_133,VPWR,li1,18.6300,73.1330,1.799952
TAP_TAPCELL_ROW_21_132,VPWR,li1,83.0300,68.3060,1.799501
TAP_TAPCELL_ROW_21_131,VPWR,li1,57.2700,68.3060,1.799575
TAP_TAPCELL_ROW_21_130,VPWR,li1,31.5100,68.3060,1.799799
TAP_TAPCELL_ROW_20_129,VPWR,li1,70.1500,67.6930,1.799526
TAP_TAPCELL_ROW_20_128,VPWR,li1,44.3900,67.6930,1.799656
TAP_TAPCELL_ROW_20_127,VPWR,li1,18.6300,67.6930,1.799894
TAP_TAPCELL_ROW_19_126,VPWR,li1,83.0300,62.8660,1.799875
TAP_TAPCELL_ROW_19_125,VPWR,li1,57.2700,62.8660,1.799902
TAP_TAPCELL_ROW_19_124,VPWR,li1,31.5100,62.8660,1.799951
TAP_TAPCELL_ROW_18_123,VPWR,li1,70.1500,62.2530,1.799885
TAP_TAPCELL_ROW_18_122,VPWR,li1,44.3900,62.2530,1.799926
TAP_TAPCELL_ROW_18_121,VPWR,li1,18.6300,62.2530,1.799972
TAP_TAPCELL_ROW_17_120,VPWR,li1,83.0300,57.4260,1.799930
TAP_TAPCELL_ROW_17_119,VPWR,li1,57.2700,57.4260,1.799946
TAP_TAPCELL_ROW_17_118,VPWR,li1,31.5100,57.4260,1.799974
TAP_TAPCELL_ROW_16_117,VPWR,li1,70.1500,56.8130,1.799937
TAP_TAPCELL_ROW_16_116,VPWR,li1,44.3900,56.8130,1.799957
TAP_TAPCELL_ROW_16_115,VPWR,li1,18.6300,56.8130,1.799985
TAP_TAPCELL_ROW_15_114,VPWR,li1,83.0300,51.9860,1.799708
TAP_TAPCELL_ROW_15_113,VPWR,li1,57.2700,51.9860,1.799752
TAP_TAPCELL_ROW_15_112,VPWR,li1,31.5100,51.9860,1.799868
TAP_TAPCELL_ROW_14_111,VPWR,li1,70.1500,51.3730,1.799726
TAP_TAPCELL_ROW_14_110,VPWR,li1,44.3900,51.3730,1.799801
TAP_TAPCELL_ROW_14_109,VPWR,li1,18.6300,51.3730,1.799933
TAP_TAPCELL_ROW_13_108,VPWR,li1,83.0300,46.5460,1.799929
TAP_TAPCELL_ROW_13_107,VPWR,li1,57.2700,46.5460,1.799938
TAP_TAPCELL_ROW_13_106,VPWR,li1,31.5100,46.5460,1.799965
TAP_TAPCELL_ROW_12_105,VPWR,li1,70.1500,45.9330,1.799932
TAP_TAPCELL_ROW_12_104,VPWR,li1,44.3900,45.9330,1.799949
TAP_TAPCELL_ROW_12_103,VPWR,li1,18.6300,45.9330,1.799978
TAP_TAPCELL_ROW_11_102,VPWR,li1,83.0300,41.1060,1.799672
TAP_TAPCELL_ROW_11_101,VPWR,li1,57.2700,41.1060,1.799691
TAP_TAPCELL_ROW_11_100,VPWR,li1,31.5100,41.1060,1.799821
TAP_TAPCELL_ROW_10_99,VPWR,li1,70.1500,40.4930,1.799679
TAP_TAPCELL_ROW_10_98,VPWR,li1,44.3900,40.4930,1.799733
TAP_TAPCELL_ROW_10_97,VPWR,li1,18.6300,40.4930,1.799906
TAP_TAPCELL_ROW_9_96,VPWR,li1,83.0300,35.6660,1.799904
TAP_TAPCELL_ROW_9_95,VPWR,li1,57.2700,35.6660,1.799926
TAP_TAPCELL_ROW_9_94,VPWR,li1,31.5100,35.6660,1.799962
TAP_TAPCELL_ROW_8_93,VPWR,li1,70.1500,35.0530,1.799913
TAP_TAPCELL_ROW_8_92,VPWR,li1,44.3900,35.0530,1.799944
TAP_TAPCELL_ROW_8_91,VPWR,li1,18.6300,35.0530,1.799980
TAP_TAPCELL_ROW_7_90,VPWR,li1,83.0300,30.2260,1.799899
TAP_TAPCELL_ROW_7_89,VPWR,li1,57.2700,30.2260,1.799923
TAP_TAPCELL_ROW_7_88,VPWR,li1,31.5100,30.2260,1.799957
TAP_TAPCELL_ROW_6_87,VPWR,li1,70.1500,29.6130,1.799910
TAP_TAPCELL_ROW_6_86,VPWR,li1,44.3900,29.6130,1.799940
TAP_TAPCELL_ROW_6_85,VPWR,li1,18.6300,29.6130,1.799971
TAP_TAPCELL_ROW_5_84,VPWR,li1,83.0300,24.7860,1.799926
TAP_TAPCELL_ROW_5_83,VPWR,li1,57.2700,24.7860,1.799938
TAP_TAPCELL_ROW_5_82,VPWR,li1,31.5100,24.7860,1.799963
TAP_TAPCELL_ROW_4_81,VPWR,li1,70.1500,24.1730,1.799930
TAP_TAPCELL_ROW_4_80,VPWR,li1,44.3900,24.1730,1.799949
TAP_TAPCELL_ROW_4_79,VPWR,li1,18.6300,24.1730,1.799968
TAP_TAPCELL_ROW_3_78,VPWR,li1,83.0300,19.3460,1.799862
TAP_TAPCELL_ROW_3_77,VPWR,li1,57.2700,19.3460,1.799887
TAP_TAPCELL_ROW_3_76,VPWR,li1,31.5100,19.3460,1.799935
TAP_TAPCELL_ROW_2_75,VPWR,li1,70.1500,18.7330,1.799873
TAP_TAPCELL_ROW_2_74,VPWR,li1,44.3900,18.7330,1.799904
TAP_TAPCELL_ROW_2_73,VPWR,li1,18.6300,18.7330,1.799965
TAP_TAPCELL_ROW_1_72,VPWR,li1,83.0300,13.9060,1.799864
TAP_TAPCELL_ROW_1_71,VPWR,li1,57.2700,13.9060,1.799884
TAP_TAPCELL_ROW_1_70,VPWR,li1,31.5100,13.9060,1.799947
TAP_TAPCELL_ROW_0_69,VPWR,li1,83.0300,13.2930,1.799864
TAP_TAPCELL_ROW_0_68,VPWR,li1,70.1500,13.2930,1.799869
TAP_TAPCELL_ROW_0_67,VPWR,li1,57.2700,13.2930,1.799884
TAP_TAPCELL_ROW_0_66,VPWR,li1,44.3900,13.2930,1.799911
TAP_TAPCELL_ROW_0_65,VPWR,li1,31.5100,13.2930,1.799947
TAP_TAPCELL_ROW_0_64,VPWR,li1,18.6300,13.2930,1.799973
PHY_EDGE_ROW_31_Left_63,VPWR,li1,6.2100,95.2000,1.799937
PHY_EDGE_ROW_30_Left_62,VPWR,li1,6.2100,95.2000,1.799937
PHY_EDGE_ROW_29_Left_61,VPWR,li1,6.2100,89.7600,1.799961
PHY_EDGE_ROW_28_Left_60,VPWR,li1,6.2100,89.7600,1.799961
PHY_EDGE_ROW_27_Left_59,VPWR,li1,6.2100,84.3200,1.799921
PHY_EDGE_ROW_26_Left_58,VPWR,li1,6.2100,84.3200,1.799921
PHY_EDGE_ROW_25_Left_57,VPWR,li1,6.2100,78.8800,1.799926
PHY_EDGE_ROW_24_Left_56,VPWR,li1,6.2100,78.8800,1.799926
PHY_EDGE_ROW_23_Left_55,VPWR,li1,6.2100,73.4400,1.799949
PHY_EDGE_ROW_22_Left_54,VPWR,li1,6.2100,73.4400,1.799949
PHY_EDGE_ROW_21_Left_53,VPWR,li1,6.2100,68.0000,1.799893
PHY_EDGE_ROW_20_Left_52,VPWR,li1,6.2100,68.0000,1.799893
PHY_EDGE_ROW_19_Left_51,VPWR,li1,6.2100,62.5600,1.799972
PHY_EDGE_ROW_18_Left_50,VPWR,li1,6.2100,62.5600,1.799972
PHY_EDGE_ROW_17_Left_49,VPWR,li1,6.2100,57.1200,1.799985
PHY_EDGE_ROW_16_Left_48,VPWR,li1,6.2100,57.1200,1.799985
PHY_EDGE_ROW_15_Left_47,VPWR,li1,6.2100,51.6800,1.799928
PHY_EDGE_ROW_14_Left_46,VPWR,li1,6.2100,51.6800,1.799928
PHY_EDGE_ROW_13_Left_45,VPWR,li1,6.2100,46.2400,1.799974
PHY_EDGE_ROW_12_Left_44,VPWR,li1,6.2100,46.2400,1.799974
PHY_EDGE_ROW_11_Left_43,VPWR,li1,6.2100,40.8000,1.799901
PHY_EDGE_ROW_10_Left_42,VPWR,li1,6.2100,40.8000,1.799901
PHY_EDGE_ROW_9_Left_41,VPWR,li1,6.2100,35.3600,1.799980
PHY_EDGE_ROW_8_Left_40,VPWR,li1,6.2100,35.3600,1.799980
PHY_EDGE_ROW_7_Left_39,VPWR,li1,6.2100,29.9200,1.799968
PHY_EDGE_ROW_6_Left_38,VPWR,li1,6.2100,29.9200,1.799968
PHY_EDGE_ROW_5_Left_37,VPWR,li1,6.2100,24.4800,1.799963
PHY_EDGE_ROW_4_Left_36,VPWR,li1,6.2100,24.4800,1.799963
PHY_EDGE_ROW_3_Left_35,VPWR,li1,6.2100,19.0400,1.799965
PHY_EDGE_ROW_2_Left_34,VPWR,li1,6.2100,19.0400,1.799965
PHY_EDGE_ROW_1_Left_33,VPWR,li1,6.2100,13.6000,1.799973
PHY_EDGE_ROW_0_Left_32,VPWR,li1,6.2100,13.6000,1.799973
PHY_EDGE_ROW_31_Right_31,VPWR,li1,93.1500,95.2000,1.799759
PHY_EDGE_ROW_30_Right_30,VPWR,li1,93.1500,95.2000,1.799759
PHY_EDGE_ROW_29_Right_29,VPWR,li1,93.1500,89.7600,1.799838
PHY_EDGE_ROW_28_Right_28,VPWR,li1,93.1500,89.7600,1.799838
PHY_EDGE_ROW_27_Right_27,VPWR,li1,93.1500,84.3200,1.799705
PHY_EDGE_ROW_26_Right_26,VPWR,li1,93.1500,84.3200,1.799705
PHY_EDGE_ROW_25_Right_25,VPWR,li1,93.1500,78.8800,1.799662
PHY_EDGE_ROW_24_Right_24,VPWR,li1,93.1500,78.8800,1.799662
PHY_EDGE_ROW_23_Right_23,VPWR,li1,93.1500,73.4400,1.799819
PHY_EDGE_ROW_22_Right_22,VPWR,li1,93.1500,73.4400,1.799819
PHY_EDGE_ROW_21_Right_21,VPWR,li1,93.1500,68.0000,1.799492
PHY_EDGE_ROW_20_Right_20,VPWR,li1,93.1500,68.0000,1.799492
PHY_EDGE_ROW_19_Right_19,VPWR,li1,93.1500,62.5600,1.799871
PHY_EDGE_ROW_18_Right_18,VPWR,li1,93.1500,62.5600,1.799871
PHY_EDGE_ROW_17_Right_17,VPWR,li1,93.1500,57.1200,1.799930
PHY_EDGE_ROW_16_Right_16,VPWR,li1,93.1500,57.1200,1.799930
PHY_EDGE_ROW_15_Right_15,VPWR,li1,93.1500,51.6800,1.799700
PHY_EDGE_ROW_14_Right_14,VPWR,li1,93.1500,51.6800,1.799700
PHY_EDGE_ROW_13_Right_13,VPWR,li1,93.1500,46.2400,1.799929
PHY_EDGE_ROW_12_Right_12,VPWR,li1,93.1500,46.2400,1.799929
PHY_EDGE_ROW_11_Right_11,VPWR,li1,93.1500,40.8000,1.799668
PHY_EDGE_ROW_10_Right_10,VPWR,li1,93.1500,40.8000,1.799668
PHY_EDGE_ROW_9_Right_9,VPWR,li1,93.1500,35.3600,1.799900
PHY_EDGE_ROW_8_Right_8,VPWR,li1,93.1500,35.3600,1.799900
PHY_EDGE_ROW_7_Right_7,VPWR,li1,93.1500,29.9200,1.799896
PHY_EDGE_ROW_6_Right_6,VPWR,li1,93.1500,29.9200,1.799896
PHY_EDGE_ROW_5_Right_5,VPWR,li1,93.1500,24.4800,1.799923
PHY_EDGE_ROW_4_Right_4,VPWR,li1,93.1500,24.4800,1.799923
PHY_EDGE_ROW_3_Right_3,VPWR,li1,93.1500,19.0400,1.799857
PHY_EDGE_ROW_2_Right_2,VPWR,li1,93.1500,19.0400,1.799857
PHY_EDGE_ROW_1_Right_1,VPWR,li1,93.1500,13.6000,1.799862
PHY_EDGE_ROW_0_Right_0,VPWR,li1,93.1500,13.6000,1.799862
_689_,VPWR,li1,87.8600,78.8800,1.799662
_688_,VPWR,li1,87.8600,68.0000,1.799494
_687_,VPWR,li1,87.8600,62.5600,1.799871
_686_,VPWR,li1,87.8600,51.6800,1.799702
_685_,VPWR,li1,87.8600,35.3600,1.799900
_684_,VPWR,li1,87.8600,29.9200,1.799896
_683_,VPWR,li1,87.8600,19.0400,1.799858
_682_,VPWR,li1,72.2200,13.6000,1.799867
_681_,VPWR,li1,63.0200,13.6000,1.799875
_680_,VPWR,li1,11.5000,73.4400,1.799949
_679_,VPWR,li1,11.5000,51.6800,1.799928
_678_,VPWR,li1,11.5000,46.2400,1.799974
_677_,VPWR,li1,11.5000,40.8000,1.799901
_676_,VPWR,li1,13.8000,24.4800,1.799965
_675_,VPWR,li1,37.0300,13.6000,1.799929
_674_,VPWR,li1,29.9000,19.0400,1.799935
_673_,VPWR,li1,43.7000,19.0400,1.799904
_672_,VPWR,li1,11.5000,24.4800,1.799963
_671_,VPWR,li1,11.5000,29.9200,1.799968
_670_,VPWR,li1,12.8800,35.3600,1.799980
_669_,VPWR,li1,23.4600,24.4800,1.799973
_668_,VPWR,li1,26.6800,19.0400,1.799944
_667_,VPWR,li1,39.1000,19.0400,1.799914
_666_,VPWR,li1,49.2200,13.6000,1.799898
_665_,VPWR,li1,52.4400,13.6000,1.799891
_664_,VPWR,li1,11.5000,84.3200,1.799922
_663_,VPWR,li1,27.6000,95.2000,1.799896
_662_,VPWR,li1,30.8200,89.7600,1.799927
_661_,VPWR,li1,43.7000,89.7600,1.799888
_660_,VPWR,li1,52.4400,95.2000,1.799787
_659_,VPWR,li1,61.6400,95.2000,1.799765
_658_,VPWR,li1,87.8600,84.3200,1.799706
_657_,VPWR,li1,87.1700,78.8800,1.799664
_656_,VPWR,li1,89.9300,68.0000,1.799492
_655_,VPWR,li1,89.9300,57.1200,1.799930
_654_,VPWR,li1,89.9300,51.6800,1.799701
_653_,VPWR,li1,89.9300,35.3600,1.799900
_652_,VPWR,li1,89.9300,24.4800,1.799923
_651_,VPWR,li1,89.9300,13.6000,1.799863
_650_,VPWR,li1,72.4500,13.6000,1.799867
_649_,VPWR,li1,64.1700,13.6000,1.799875
_648_,VPWR,li1,11.2700,78.8800,1.799926
_647_,VPWR,li1,11.2700,46.2400,1.799974
_646_,VPWR,li1,12.6500,46.2400,1.799974
_645_,VPWR,li1,12.1900,40.8000,1.799901
_644_,VPWR,li1,19.0900,24.4800,1.799970
_643_,VPWR,li1,35.6500,13.6000,1.799936
_642_,VPWR,li1,30.5900,13.6000,1.799947
_641_,VPWR,li1,44.3900,13.6000,1.799911
_640_,VPWR,li1,11.7300,19.0400,1.799965
_639_,VPWR,li1,11.7300,29.9200,1.799968
_638_,VPWR,li1,14.0300,35.3600,1.799980
_637_,VPWR,li1,20.4700,19.0400,1.799965
_636_,VPWR,li1,27.8300,13.6000,1.799954
_635_,VPWR,li1,45.3100,19.0400,1.799904
_634_,VPWR,li1,47.1500,13.6000,1.799907
_633_,VPWR,li1,54.5100,13.6000,1.799888
_632_,VPWR,li1,15.4100,84.3200,1.799926
_631_,VPWR,li1,32.8900,95.2000,1.799864
_630_,VPWR,li1,36.1100,89.7600,1.799913
_629_,VPWR,li1,45.3100,95.2000,1.799811
_628_,VPWR,li1,54.0500,95.2000,1.799782
_627_,VPWR,li1,62.3300,89.7600,1.799863
_626_,VPWR,li1,84.4100,51.6800,1.799705
_625_,VPWR,li1,79.5800,51.6800,1.799711
_624_,VPWR,li1,13.5700,84.3200,1.799924
_623_,VPWR,li1,14.2600,73.4400,1.799951
_622_,VPWR,li1,20.9300,89.7600,1.799961
_621_,VPWR,li1,22.5400,84.3200,1.799931
_620_,VPWR,li1,19.7800,84.3200,1.799929
_619_,VPWR,li1,23.6900,84.3200,1.799920
_618_,VPWR,li1,15.8700,78.8800,1.799926
_617_,VPWR,li1,20.0100,73.4400,1.799955
_616_,VPWR,li1,14.4900,62.5600,1.799972
_615_,VPWR,li1,30.1300,84.3200,1.799883
_614_,VPWR,li1,25.7600,84.3200,1.799909
_613_,VPWR,li1,28.2900,84.3200,1.799896
_612_,VPWR,li1,22.5400,78.8800,1.799927
_611_,VPWR,li1,25.5300,84.3200,1.799909
_610_,VPWR,li1,24.8400,78.8800,1.799905
_609_,VPWR,li1,17.7100,73.4400,1.799952
_608_,VPWR,li1,14.2600,68.0000,1.799893
_607_,VPWR,li1,13.3400,57.1200,1.799985
_606_,VPWR,li1,11.7300,73.4400,1.799949
_605_,VPWR,li1,11.9600,68.0000,1.799893
_604_,VPWR,li1,16.7900,68.0000,1.799893
_603_,VPWR,li1,10.1200,68.0000,1.799893
_602_,VPWR,li1,13.5700,68.0000,1.799893
_601_,VPWR,li1,41.1700,84.3200,1.799826
_600_,VPWR,li1,37.7200,84.3200,1.799843
_599_,VPWR,li1,39.3300,84.3200,1.799843
_598_,VPWR,li1,52.6700,84.3200,1.799780
_597_,VPWR,li1,56.1200,84.3200,1.799771
_596_,VPWR,li1,43.9300,84.3200,1.799814
_595_,VPWR,li1,30.1300,78.8800,1.799868
_594_,VPWR,li1,30.3600,78.8800,1.799868
_593_,VPWR,li1,27.8300,84.3200,1.799896
_592_,VPWR,li1,28.0600,78.8800,1.799882
_591_,VPWR,li1,25.5300,73.4400,1.799943
_590_,VPWR,li1,24.3800,68.0000,1.799872
_589_,VPWR,li1,25.7600,68.0000,1.799841
_588_,VPWR,li1,22.7700,68.0000,1.799872
_587_,VPWR,li1,23.2300,62.5600,1.799968
_586_,VPWR,li1,16.3300,62.5600,1.799972
_585_,VPWR,li1,17.0200,62.5600,1.799972
_584_,VPWR,li1,14.9500,62.5600,1.799972
_583_,VPWR,li1,10.8100,57.1200,1.799985
_582_,VPWR,li1,14.4900,57.1200,1.799985
_581_,VPWR,li1,13.1100,62.5600,1.799972
_580_,VPWR,li1,16.3300,68.0000,1.799893
_579_,VPWR,li1,16.3300,46.2400,1.799977
_578_,VPWR,li1,46.6900,89.7600,1.799880
_577_,VPWR,li1,50.1400,89.7600,1.799875
_576_,VPWR,li1,46.6900,84.3200,1.799803
_575_,VPWR,li1,39.1000,78.8800,1.799815
_574_,VPWR,li1,37.2600,78.8800,1.799830
_573_,VPWR,li1,33.3500,73.4400,1.799916
_572_,VPWR,li1,29.6700,73.4400,1.799928
_571_,VPWR,li1,28.2900,73.4400,1.799935
_570_,VPWR,li1,30.5900,73.4400,1.799928
_569_,VPWR,li1,28.5200,40.8000,1.799838
_568_,VPWR,li1,25.0700,62.5600,1.799963
_567_,VPWR,li1,27.8300,62.5600,1.799958
_566_,VPWR,li1,25.5300,57.1200,1.799979
_565_,VPWR,li1,24.6100,57.1200,1.799982
_564_,VPWR,li1,26.4500,57.1200,1.799979
_563_,VPWR,li1,25.0700,51.6800,1.799906
_562_,VPWR,li1,20.4700,51.6800,1.799934
_561_,VPWR,li1,23.2300,51.6800,1.799917
_560_,VPWR,li1,18.6300,46.2400,1.799978
_559_,VPWR,li1,20.9300,40.8000,1.799907
_558_,VPWR,li1,22.7700,62.5600,1.799973
_557_,VPWR,li1,20.4700,57.1200,1.799986
_556_,VPWR,li1,16.7900,57.1200,1.799985
_555_,VPWR,li1,23.2300,57.1200,1.799982
_554_,VPWR,li1,29.6700,51.6800,1.799879
_553_,VPWR,li1,53.5900,89.7600,1.799870
_552_,VPWR,li1,55.2000,78.8800,1.799733
_551_,VPWR,li1,62.1000,84.3200,1.799751
_550_,VPWR,li1,59.3400,84.3200,1.799759
_549_,VPWR,li1,52.6700,89.7600,1.799870
_548_,VPWR,li1,48.7600,78.8800,1.799755
_547_,VPWR,li1,46.6900,78.8800,1.799765
_546_,VPWR,li1,37.9500,78.8800,1.799815
_545_,VPWR,li1,40.2500,78.8800,1.799801
_544_,VPWR,li1,35.1900,73.4400,1.799910
_543_,VPWR,li1,37.9500,73.4400,1.799903
_542_,VPWR,li1,36.8000,62.5600,1.799938
_541_,VPWR,li1,31.0500,40.8000,1.799821
_540_,VPWR,li1,29.2100,35.3600,1.799964
_539_,VPWR,li1,33.1200,35.3600,1.799958
_538_,VPWR,li1,30.1300,35.3600,1.799964
_537_,VPWR,li1,29.9000,29.9200,1.799961
_536_,VPWR,li1,22.3100,35.3600,1.799976
_535_,VPWR,li1,20.0100,35.3600,1.799980
_534_,VPWR,li1,17.2500,40.8000,1.799904
_533_,VPWR,li1,20.4700,40.8000,1.799907
_532_,VPWR,li1,23.6900,40.8000,1.799881
_531_,VPWR,li1,28.2900,46.2400,1.799968
_530_,VPWR,li1,30.5900,46.2400,1.799965
_529_,VPWR,li1,27.3700,51.6800,1.799893
_528_,VPWR,li1,26.4500,46.2400,1.799972
_527_,VPWR,li1,23.6900,46.2400,1.799975
_526_,VPWR,li1,25.5300,46.2400,1.799972
_525_,VPWR,li1,24.8400,29.9200,1.799971
_524_,VPWR,li1,36.1100,62.5600,1.799938
_523_,VPWR,li1,66.4700,84.3200,1.799741
_522_,VPWR,li1,68.0800,78.8800,1.799685
_521_,VPWR,li1,61.8700,84.3200,1.799751
_520_,VPWR,li1,59.1100,78.8800,1.799713
_519_,VPWR,li1,64.1700,84.3200,1.799746
_518_,VPWR,li1,61.4100,78.8800,1.799704
_517_,VPWR,li1,48.9900,78.8800,1.799755
_516_,VPWR,li1,51.2900,78.8800,1.799744
_515_,VPWR,li1,42.5500,78.8800,1.799787
_514_,VPWR,li1,45.7700,78.8800,1.799777
_513_,VPWR,li1,49.2200,73.4400,1.799873
_512_,VPWR,li1,38.8700,68.0000,1.799706
_511_,VPWR,li1,40.2500,62.5600,1.799930
_510_,VPWR,li1,38.1800,46.2400,1.799956
_509_,VPWR,li1,32.8900,29.9200,1.799954
_508_,VPWR,li1,26.4500,29.9200,1.799965
_507_,VPWR,li1,27.8300,29.9200,1.799965
_506_,VPWR,li1,24.1500,29.9200,1.799971
_505_,VPWR,li1,21.3900,29.9200,1.799974
_504_,VPWR,li1,21.8500,29.9200,1.799974
_503_,VPWR,li1,32.8900,24.4800,1.799961
_502_,VPWR,li1,33.8100,62.5600,1.799943
_501_,VPWR,li1,37.0300,57.1200,1.799967
_500_,VPWR,li1,38.4100,62.5600,1.799934
_499_,VPWR,li1,40.7100,62.5600,1.799930
_498_,VPWR,li1,33.3500,57.1200,1.799970
_497_,VPWR,li1,30.5900,57.1200,1.799974
_496_,VPWR,li1,35.6500,51.6800,1.799844
_495_,VPWR,li1,48.9900,68.0000,1.799624
_494_,VPWR,li1,62.1000,78.8800,1.799704
_493_,VPWR,li1,74.7500,78.8800,1.799673
_492_,VPWR,li1,77.2800,68.0000,1.799509
_491_,VPWR,li1,71.9900,78.8800,1.799677
_490_,VPWR,li1,65.5500,78.8800,1.799692
_489_,VPWR,li1,70.6100,78.8800,1.799681
_488_,VPWR,li1,72.2200,68.0000,1.799520
_487_,VPWR,li1,63.7100,73.4400,1.799843
_486_,VPWR,li1,60.0300,73.4400,1.799848
_485_,VPWR,li1,59.8000,73.4400,1.799848
_484_,VPWR,li1,57.5000,68.0000,1.799575
_483_,VPWR,li1,52.6700,73.4400,1.799863
_482_,VPWR,li1,46.2300,73.4400,1.799879
_481_,VPWR,li1,54.0500,68.0000,1.799597
_480_,VPWR,li1,49.2200,57.1200,1.799952
_479_,VPWR,li1,41.1700,46.2400,1.799953
_478_,VPWR,li1,37.4900,35.3600,1.799952
_477_,VPWR,li1,42.5500,40.8000,1.799742
_476_,VPWR,li1,40.9400,35.3600,1.799948
_475_,VPWR,li1,37.7200,29.9200,1.799947
_474_,VPWR,li1,34.2700,24.4800,1.799961
_473_,VPWR,li1,39.5600,24.4800,1.799954
_472_,VPWR,li1,37.4900,46.2400,1.799956
_471_,VPWR,li1,39.7900,46.2400,1.799953
_470_,VPWR,li1,40.9400,51.6800,1.799814
_469_,VPWR,li1,37.9500,51.6800,1.799831
_468_,VPWR,li1,34.7300,51.6800,1.799855
_467_,VPWR,li1,51.7500,68.0000,1.799610
_466_,VPWR,li1,51.2900,62.5600,1.799911
_465_,VPWR,li1,51.2900,68.0000,1.799610
_464_,VPWR,li1,53.5900,68.0000,1.799597
_463_,VPWR,li1,46.2300,62.5600,1.799920
_462_,VPWR,li1,48.5300,62.5600,1.799916
_461_,VPWR,li1,46.2300,57.1200,1.799955
_460_,VPWR,li1,63.7100,68.0000,1.799539
_459_,VPWR,li1,80.2700,68.0000,1.799504
_458_,VPWR,li1,80.5000,57.1200,1.799931
_457_,VPWR,li1,78.8900,73.4400,1.799828
_456_,VPWR,li1,80.7300,68.0000,1.799504
_455_,VPWR,li1,78.2000,68.0000,1.799509
_454_,VPWR,li1,77.2800,62.5600,1.799879
_453_,VPWR,li1,75.4400,68.0000,1.799513
_452_,VPWR,li1,73.6000,68.0000,1.799520
_451_,VPWR,li1,73.6000,62.5600,1.799882
_450_,VPWR,li1,72.4500,62.5600,1.799882
_449_,VPWR,li1,58.8800,62.5600,1.799899
_448_,VPWR,li1,60.9500,62.5600,1.799896
_447_,VPWR,li1,57.5000,62.5600,1.799902
_446_,VPWR,li1,59.8000,62.5600,1.799899
_445_,VPWR,li1,59.3400,46.2400,1.799937
_444_,VPWR,li1,52.4400,57.1200,1.799949
_443_,VPWR,li1,54.7400,57.1200,1.799948
_442_,VPWR,li1,47.3800,40.8000,1.799719
_441_,VPWR,li1,52.4400,40.8000,1.799696
_440_,VPWR,li1,47.3800,40.8000,1.799719
_439_,VPWR,li1,44.1600,35.3600,1.799944
_438_,VPWR,li1,42.7800,35.3600,1.799944
_437_,VPWR,li1,41.6300,29.9200,1.799943
_436_,VPWR,li1,43.0100,29.9200,1.799940
_435_,VPWR,li1,40.2500,35.3600,1.799948
_434_,VPWR,li1,49.4500,57.1200,1.799952
_433_,VPWR,li1,43.4700,57.1200,1.799960
_432_,VPWR,li1,46.0000,46.2400,1.799949
_431_,VPWR,li1,47.6100,51.6800,1.799776
_430_,VPWR,li1,43.9300,51.6800,1.799801
_429_,VPWR,li1,63.2500,73.4400,1.799845
_428_,VPWR,li1,65.7800,62.5600,1.799890
_427_,VPWR,li1,63.7100,62.5600,1.799893
_426_,VPWR,li1,66.9300,68.0000,1.799531
_425_,VPWR,li1,67.3900,62.5600,1.799890
_424_,VPWR,li1,59.1100,51.6800,1.799746
_423_,VPWR,li1,84.8700,57.1200,1.799930
_422_,VPWR,li1,81.6500,51.6800,1.799708
_421_,VPWR,li1,83.2600,46.2400,1.799929
_420_,VPWR,li1,81.1900,57.1200,1.799931
_419_,VPWR,li1,83.7200,57.1200,1.799930
_418_,VPWR,li1,77.7400,57.1200,1.799933
_417_,VPWR,li1,79.8100,46.2400,1.799929
_416_,VPWR,li1,78.6600,40.8000,1.799674
_415_,VPWR,li1,76.1300,57.1200,1.799933
_414_,VPWR,li1,80.5000,51.6800,1.799711
_413_,VPWR,li1,77.2800,51.6800,1.799714
_412_,VPWR,li1,73.1400,46.2400,1.799931
_411_,VPWR,li1,73.1400,51.6800,1.799721
_410_,VPWR,li1,70.3800,46.2400,1.799932
_409_,VPWR,li1,67.1600,46.2400,1.799933
_408_,VPWR,li1,68.0800,40.8000,1.799680
_407_,VPWR,li1,60.2600,46.2400,1.799937
_406_,VPWR,li1,62.5600,46.2400,1.799935
_405_,VPWR,li1,58.8800,40.8000,1.799691
_404_,VPWR,li1,61.1800,40.8000,1.799687
_403_,VPWR,li1,58.8800,35.3600,1.799926
_402_,VPWR,li1,58.8800,40.8000,1.799691
_401_,VPWR,li1,52.6700,35.3600,1.799932
_400_,VPWR,li1,47.3800,29.9200,1.799934
_399_,VPWR,li1,48.0700,35.3600,1.799937
_398_,VPWR,li1,36.1100,24.4800,1.799957
_397_,VPWR,li1,50.8300,35.3600,1.799935
_396_,VPWR,li1,55.4300,46.2400,1.799940
_395_,VPWR,li1,59.8000,51.6800,1.799746
_394_,VPWR,li1,53.5900,51.6800,1.799757
_393_,VPWR,li1,56.8100,51.6800,1.799752
_392_,VPWR,li1,53.1300,46.2400,1.799943
_391_,VPWR,li1,74.7500,57.1200,1.799934
_390_,VPWR,li1,69.9200,51.6800,1.799726
_389_,VPWR,li1,72.2200,57.1200,1.799935
_388_,VPWR,li1,77.0500,46.2400,1.799930
_387_,VPWR,li1,75.9000,40.8000,1.799675
_386_,VPWR,li1,73.6000,40.8000,1.799677
_385_,VPWR,li1,72.9100,40.8000,1.799677
_384_,VPWR,li1,71.3000,40.8000,1.799679
_383_,VPWR,li1,69.0000,40.8000,1.799680
_382_,VPWR,li1,67.8500,51.6800,1.799730
_381_,VPWR,li1,66.0100,51.6800,1.799733
_380_,VPWR,li1,64.8600,57.1200,1.799941
_379_,VPWR,li1,60.4900,57.1200,1.799944
_378_,VPWR,li1,64.1700,57.1200,1.799941
_377_,VPWR,li1,63.7100,51.6800,1.799737
_376_,VPWR,li1,67.3900,57.1200,1.799939
_375_,VPWR,li1,61.6400,35.3600,1.799922
_374_,VPWR,li1,63.9400,35.3600,1.799920
_373_,VPWR,li1,60.7200,40.8000,1.799687
_372_,VPWR,li1,59.5700,35.3600,1.799924
_371_,VPWR,li1,49.2200,35.3600,1.799937
_370_,VPWR,li1,53.1300,35.3600,1.799932
_369_,VPWR,li1,57.2700,35.3600,1.799926
_368_,VPWR,li1,54.7400,29.9200,1.799926
_367_,VPWR,li1,70.8400,29.9200,1.799908
_366_,VPWR,li1,82.1100,35.3600,1.799904
_365_,VPWR,li1,84.8700,35.3600,1.799901
_364_,VPWR,li1,83.0300,35.3600,1.799904
_363_,VPWR,li1,80.2700,35.3600,1.799905
_362_,VPWR,li1,80.0400,29.9200,1.799901
_361_,VPWR,li1,77.7400,29.9200,1.799903
_360_,VPWR,li1,73.3700,35.3600,1.799910
_359_,VPWR,li1,73.3700,29.9200,1.799906
_358_,VPWR,li1,60.2600,29.9200,1.799921
_357_,VPWR,li1,62.7900,29.9200,1.799917
_356_,VPWR,li1,59.8000,24.4800,1.799936
_355_,VPWR,li1,55.2000,29.9200,1.799926
_354_,VPWR,li1,57.2700,29.9200,1.799923
_353_,VPWR,li1,48.3000,24.4800,1.799945
_352_,VPWR,li1,49.9100,24.4800,1.799945
_351_,VPWR,li1,52.6700,29.9200,1.799929
_350_,VPWR,li1,71.0700,35.3600,1.799913
_349_,VPWR,li1,69.2300,35.3600,1.799915
_348_,VPWR,li1,68.0800,35.3600,1.799915
_347_,VPWR,li1,83.9500,24.4800,1.799925
_346_,VPWR,li1,82.1100,29.9200,1.799899
_345_,VPWR,li1,81.6500,24.4800,1.799926
_344_,VPWR,li1,78.8900,29.9200,1.799901
_343_,VPWR,li1,73.1400,29.9200,1.799906
_342_,VPWR,li1,75.2100,29.9200,1.799904
_341_,VPWR,li1,71.5300,24.4800,1.799930
_340_,VPWR,li1,74.2900,24.4800,1.799929
_339_,VPWR,li1,71.9900,24.4800,1.799930
_338_,VPWR,li1,63.7100,24.4800,1.799934
_337_,VPWR,li1,59.5700,24.4800,1.799936
_336_,VPWR,li1,57.5000,24.4800,1.799938
_335_,VPWR,li1,54.5100,24.4800,1.799940
_334_,VPWR,li1,66.0100,24.4800,1.799933
_333_,VPWR,li1,84.4100,19.0400,1.799860
_332_,VPWR,li1,79.8100,19.0400,1.799865
_331_,VPWR,li1,81.6500,19.0400,1.799862
_330_,VPWR,li1,73.8300,19.0400,1.799869
_329_,VPWR,li1,71.3000,19.0400,1.799873
_328_,VPWR,li1,64.6300,19.0400,1.799878
_327_,VPWR,li1,67.8500,19.0400,1.799875
_326_,VPWR,li1,76.1300,19.0400,1.799867
_325_,VPWR,li1,66.0100,19.0400,1.799876
_324_,VPWR,li1,64.1700,19.0400,1.799878
_323_,VPWR,li1,61.6400,19.0400,1.799882
_322_,VPWR,li1,59.1100,19.0400,1.799885
_321_,VPWR,li1,89.9300,84.3200,1.799705
